{
	"images": [
		{
			"filename": "icon_16x16.png",
			"idiom": "universal",
			"scale": "1x",
			"size": "16x16"
		},
		{
			"filename": "icon_16x16@2x.png",
			"idiom": "universal",
			"scale": "2x",
			"size": "16x16"
		},
		{
			"filename": "icon_18x18.png",
			"idiom": "universal",
			"scale": "1x",
			"size": "18x18"
		},
		{
			"filename": "icon_18x18@2x.png",
			"idiom": "universal",
			"scale": "2x",
			"size": "18x18"
		},
		{
			"filename": "icon_24x24.png",
			"idiom": "universal",
			"scale": "1x",
			"size": "24x24"
		},
		{
			"filename": "icon_24x24@2x.png",
			"idiom": "universal",
			"scale": "2x",
			"size": "24x24"
		},
		{
			"filename": "icon_32x32.png",
			"idiom": "universal",
			"scale": "1x",
			"size": "32x32"
		},
		{
			"filename": "icon_32x32@2x.png",
			"idiom": "universal",
			"scale": "2x",
			"size": "32x32"
		}
	],
	"info": {
		"author": "xcode",
		"version": 1
	}
}